"id","name","brand_id"
"1","MED9.5.10","1"
"2","MED9.1","1"
"3","MED7.1.1","1"
"4","ME7.9.10","1"
"5","MED17.5","1"
"6","MED17.1.6","1"
"7","MED17.5.5","1"
"8","MEVD17.2.6","1"
"9","MED17.7.2","1"
"10","MED17.5.1","1"
"11","MEV17.2.2","1"
"12","MED17.5.2","1"
"13","MED17.1","1"
"14","ME9.7","1"
"15","ME7.7.0","1"
"16","MED17.7.1","1"
"17","MED7.6.1","1"
"18","MED17.0.1","1"
"19","MED17.3.5","1"
"20","ME7.1.1","1"
"21","MED17.0","1"
"22","ME2.7.2","1"
"23","MED17.2","1"
"24","MED17.1.1","1"
"25","ME7.5","1"
"26","ME7.1","1"
"27","ME7.5.10","1"
"28","ME7.5.30","1"
"29","ME7.5.20","1"
"30","ME7.8","1"
"31","MEVD17.2.5","1"
"32","ME7.0","1"
"33","MEVD17.2.3","1"
"34","MED17.2.3","1"
"35","ME7.4.6","1"
"36","ME17.5.24","1"
"37","MEVD17.2.9","1"
"38","MED17.7.5","1"
"39","ME17.5.6","1"
"40","ME17.5.26","1"
"41","ME17.5","1"
"42","MEV17.2","1"
"43","MED17.7.3","1"
"44","ME17.5.20","1"
"45","ME7.3","1"
"46","ME9.2","1"
"47","ME2.8.1","1"
"48","ME17.7","1"
"49","MEV17.4","1"
"50","ME17.7.8","1"
"51","ME17.9.7","1"
"52","MEVD17.2.4","1"
"53","MED17.1.62","1"
"54","MED17.4.4","1"
"55","MEVD17.2.G","1"
"56","MEV17.2.1","1"
"57","ME17.9.6","1"
"58","ME9.2.0","1"
"59","ME2.8","1"
"60","MEV17.4.2","1"
"61","ME17.2.4","1"
"62","MEVD17.2","1"
"63","MED17.5.20","1"
"64","MED17.1.61","1"
"65","ME7.9.6","1"
"66","MEVD17.2.2","1"
"67","MEVD17.2.8","1"
"68","M3.8.2","1"
"69","ME7.9.9","1"
"70","MED17.4.2","1"
"71","MED17.3.4","1"
"72","ME17.9.11.1","1"
"73","ME7.9.4","1"
"74","ME17.9.20","1"
"75","ME7.4.9","1"
"76","MEVD17.2.H","1"
"77","MED17.7.7","1"
"78","ME17.1.6","1"
"79","M2.7","1"
"80","M7.4.4","1"
"81","M7.9.71","1"
"82","M7.9.7","1"
"83","MEVD17.2.7","1"
"84","MED9.2.2","1"
"85","ME17.7.20","1"
"86","MEVD17.2.P","1"
"87","ME7.6.4","1"
"88","MEVD17.4.2","1"
"89","MED17.7.3.1","1"
"90","ME17.2","1"
"91","M7.5","1"
"92","ME17.3.0","1"
"93","MED17.9.7","1"
"94","ME7.8.1","1"
"95","ME7.4.7","1"
"96","M7.9.4","1"
"97","ME17.0.2","1"
"98","ML3.1","1"
"99","M7.9.1","1"
"100","ME7.4.4","1"
"101","ME7.7.1","1"
"102","ME17.2.42","1"
"103","MED9.6.1","1"
"104","MED9.1.1","1"
"105","ME7.9.20","1"
"106","MEV9.2","1"
"107","MED17.4","1"
"108","ME17.8.32","1"
"109","ME17.9.1","1"
"110","MED9.1.2","1"
"111","MED17.9.3","1"
"112","MED7.8.1","1"
"113","ME17.9.51","1"
"114","M7.9.0","1"
"115","ME17.9.8","1"
"116","M7.9.8","1"
"117","ME9.2.2","1"
"118","ME17.5.22","1"
"119","MEDG17.0","1"
"120","ME17.9.21","1"
"121","ME9.0","1"
"122","ME17.9.55","1"
"123","ME17.9.23","1"
"124","ME7.9.52","1"
"125","ME17.9.64","1"
"126","ME9.6.1","1"
"127","ME17.6.8","1"
"128","MEV17.42","1"
"129","MEVD17.4.4","1"
"130","MED17.9.63","1"
"131","ME17.9.61","1"
"132","M7.9.81","1"
"133","ME17.2.1","1"
"134","ME17.0.3","1"
"135","MEVD17.2.K","1"
"136","ME17.8.34","1"
"137","ME17.9.53","1"
"138","ME17.9.5","1"
"139","ME9.8","1"
"140","MED9.2.1","1"
"141","M7.9.52","1"
"142","ME7.4.9 CNG","1"
"143","ME9.1.1","1"
"144","ME17.6.95","1"
"145","ME7.9.3","1"
"146","ME17.6.94","1"
"147","ME7.9.8","1"
"148","ME17.9.21.1","1"
"149","ME17.9.71","1"
"150","M7.4.11","1"
"151","EDC15C2","1"
"152","ME17.8.31","1"
"153","MED17.9.30","1"
"154","ME17.9.56","1"
"155","M7.9.2","1"
"156","ME17.8.35","1"
"157","MEVD17.8.4","1"
"158","ME17.9.58","1"
"159","ME17.9.57","1"
"160","MED17.8.34","1"
"161","MED17.9.8","1"
"162","MEV174","1"
"163","ME7.9.71","1"
"164","ME7.9.7","1"
"165","ME17.9.52","1"
"166","ME9.6.2","1"
"167","ME17.9.11","1"
"168","MED17.9.32","1"
"169","M7.9.5","1"
"170","MED17.8.2","1"
"171","M7.9.01","1"
"172","MED7.8","1"
"173","MED17.9.66","1"
"174","ME7.9.51","1"
"175","MED17.8.3","1"
"176","EDC17CV41","1"
"177","MED9.6.2","1"
"178","ME17.8.33","1"
"179","ME7.9.5","1"
"180","MA1.2.3","1"
"181","MED17.8.31","1"
"182","MED7.4","1"
"183","MED7.6.2","1"
"184","MEG1.0","1"
"185","MEG1.1","1"
"186","MED7.5.10","1"
"187","ME17.1.1","1"
"188","MED17.8.32","1"
"189","ML4.1","1"
"190","ME7.8.2","1"
"191","ML1.1","1"
"192","MED7.6.3","1"
"193","M2.10.1","1"
"194","MED7.5.11","1"
"195","ME9.2.1","1"
"196","EDC17CP45","1"
"197","MEG9.8.1","1"
"198","EDC17C69","1"
"199","EDC17C46","1"
"200","EDC16U31","1"
"201","EDC16U34","1"
"202","EDC16C2","1"
"203","EDC17CP20","1"
"204","EDC17CP14","1"
"205","EDC16C32","1"
"206","EDC16CP33","1"
"207","EDC17CP46","1"
"208","EDC17C50","1"
"209","EDC16CP31","1"
"210","EDC16U1","1"
"211","EDC17CP04","1"
"212","EDC16CP34","1"
"213","EDC17C10","1"
"214","EDC17C59","1"
"215","EDC16C1","1"
"216","EDC17C06","1"
"217","EDC17C49","1"
"218","EDC17CP24","1"
"219","EDC17C64","1"
"220","EDC17U01","1"
"221","EDC17CP42","1"
"222","EDC16C8","1"
"223","EDC17CP11","1"
"224","EDC16CP35","1"
"225","EDC16C34","1"
"226","EDC16C36","1"
"227","EDC17C54","1"
"228","EDC17CP49","1"
"229","EDC16CP36","1"
"230","EDC17CP01","1"
"231","EDC17CP22","1"
"232","EDC17C58","1"
"233","EDC17C66","1"
"234","EDC16UC40","1"
"235","EDC17C74","1"
"236","EDC17CP48","1"
"237","EDC17C70","1"
"238","EDC17C60","1"
"239","EDC17C73","1"
"240","EDC16C9","1"
"241","EDC17CP09","1"
"242","EDC16C39","1"
"243","EDC17CP57","1"
"244","EDC17C43","1"
"245","EDC15P+","1"
"246","EDC17CP10","1"
"247","EDC17C41","1"
"248","EDC17C56","1"
"249","EDC17C18","1"
"250","EDC17CP47","1"
"251","EDC17C55","1"
"252","EDC16CP39","1"
"253","EDC15V","1"
"254","EDC15VM+","1"
"255","EDC17C45","1"
"256","EDC15C0","1"
"257","EDC16C35","1"
"258","EDC17CP44","1"
"259","EDC15C3","1"
"260","EDC17CP02","1"
"261","EDC15V529(H)","1"
"262","EDC17CP05","1"
"263","EDC15P","1"
"264","EDC17CP54","1"
"265","EDC7UC31","1"
"266","EDC15C5","1"
"267","EDC15VH(F)","1"
"268","EDC17C04","1"
"269","EDC17C19","1"
"270","EDC7C1","1"
"271","EDC17CP27","1"
"272","EDC16C41","1"
"273","EDC15C7","1"
"274","EDC15C4","1"
"275","EDC15C11","1"
"276","EDC15C6","1"
"277","EDC17CP74","1"
"278","EDC15C2 (MOD)","1"
"279","EDC17CV54","1"
"280","EDC17C81","1"
"281","EDC15C13","1"
"282","MS5","1"
"283","EDC16C31","1"
"284","M7","1"
"285","EDC17U05","1"
"286","EDC16C3","1"
"287","EDC7C3","1"
"288","EDC M7","1"
"289","EDC15P++","1"
"290","EDG15C","1"
"291","EDC7C32","1"
"292","EDC17CP68","1"
"293","EDC16C10","1"
"294","EDC15C9","1"
"295","EDC17C08","1"
"296","EDC17C57","1"
"297","EDC17CP37","1"
"298","EDC17C84","1"
"299","EDC17CV88","1"
"300","EDC17C11","1"
"301","EDC17CV44","1"
"302","EDC17CP19","1"
"303","EDC17CP06","1"
"304","EDC17CP58","1"
"305","EDC17CP50","1"
"306","EDC17CP21","1"
"307","EDC17CP18","1"
"308","EDC17C72","1"
"309","EDC17C53","1"
"310","EDC17C42","1"
"311","EDC17CP07","1"
"312","EDC17CP65","1"
"313","EDC7C4","1"
"314","EDC17CP16","1"
"315","EDC16C7","1"
"316","EDC17CV42","1"
"317","MS6.2","1"
"318","EDC17CP55","1"
"319","EDC17CV43","1"
"320","EDC17C83","1"
"321","EDC17C63","1"
"322","EGC4.0","1"
"323","EDC17CP52","1"
"324","EDC17C79","1"
"325","EDC16CP42","1"
"326","EDC16C42","1"
"327","EDC17C76","1"
"328","EDC16C37","1"
"329","EDC17C47","1"
"330","MS6.4","1"
"331","EDC15VM+M","1"
"332","EDC17CV56","1"
"333","MS6.3","1"
"334","EDC15C8","1"
"335","EDC15V+1","1"
"336","EDC17C62","1"
"337","EDC17CP51","1"
"338","EDC17CV53","1"
"339","EDG16C33","1"
"340","EDC17CV82","1"
"341","MS6.1","1"
"342","EDC17C61","1"
"343","EDC17CV52","1"
"344","EDC17CV45","1"
"345","VD1CC001","1"
"346","EDC16C4","1"
"347","EDC17CP60","1"
"348","EDC15C12","1"
"349","MD1CS005","1"
"350","EDC17CP15","1"
"351","EDC15V51(H)","1"
"352","ME7 CNG0 (ME7-GAS1)","1"
"353","MIU 32MIU1.E","2"
"354","IAW 15P","2"
"355","IAW 7SM","2"
"356","IAW 7SM.A3","2"
"357","IAW 5DM","2"
"358","IAW 5AM","2"
"359","MIU G3 32M3G1","2"
"360","IAW 11MP","2"
"361","MSE 3.7","3"
"362","MSE3.7 R/Hx","3"
"363","IAW 7SM HW320","2"
"364","MSE2","1"
"365","MSE6.0","1"
"366","IAW 32MIU 1","2"
"367","MT05.3","4"
"368","ME9","1"
"369","ME17.2.4 BMS-MP","1"
"370","ME17.2 BMS-X","1"
"371","ME17.2.42 BMS-O","1"
"372","ME9 BMSK","1"
"373","ME17.8.5","1"
"374","MG1CA920","1"
"375","VDO M3C","5"
"376","MSE3.7","3"
"377","US6.0","1"
"378","MED17.8.10","1"
"379","ME17.U.6","1"
"380","MT05","4"
"381","IAW 5SM","2"
"382","Himeji","6"
"383","M3C","3"
"384","M3D","5"
"385","IAW 59M","2"
"386","IAW 15M","2"
"387","M4D","5"
"388","MT21M","4"
"389","HD J1850","4"
"390","HD CAN","4"
"391","38770-MFN-F01","7"
"392","38770-MFN-D01","7"
"393","38770-MKJ-D02","7"
"394","38770-MGC-D32","7"
"395","38770-MGC-A42","7"
"396","38770-MGC-A73","7"
"397","38770-MFP-B01","7"
"398","38770-MFM-702","7"
"399","38770-MFM-651","7"
"400","38770-MGZ-D02","7"
"401","38770-MGZ-A03","7"
"402","38770-MGZ-C02","7"
"403","38770-MGZ-C03","7"
"404","38770-MJW-B41","7"
"405","38770-MJW-D51","7"
"406","38770-MJW-D91","7"
"407","38770-MGM-D11","7"
"408","38770-MGM-G11","7"
"409","38770-MJE-D41","7"
"410","38770-MJE-G52","7"
"411","38770-MJE-TB1","7"
"412","38770-MKY-D51","7"
"413","38770-MFA-D03","7"
"414","38770-MGJ-D02","7"
"415","38770-MEL-043","7"
"416","38770-MEL-672","7"
"417","38770-MEL-772","7"
"418","38770-MEL-D01","7"
"419","38770-MEL-A21","7"
"420","38770-MEL-A22","7"
"421","38770-MEL-L22","7"
"422","38770-MFL-671","7"
"423","38770-MFL-702","7"
"424","38770-MFL-773","7"
"425","38770-MFL-J41","7"
"426","38770-MFL-J21","7"
"427","38770-MFL-A21","7"
"428","38770-MFL-L21","7"
"429","38770-MGP-J01","7"
"430","38770-MGP-F01","7"
"431","38770-MGP-D01","7"
"432","38770-MGP-A01","7"
"433","38770-MGP-L01","7"
"434","38770-MGP-A92","7"
"435","38770-MGP-D62","7"
"436","38770-MKFA-A22","7"
"437","38770-MKF-A22","7"
"438","38770-MKFA-DK2","7"
"439","38770-MFL-741","7"
"440","38770-MFL-861","7"
"441","38770-MFL-691","7"
"442","38770-MFL-761","7"
"443","38770-MFL-D21","7"
"444","38770-MFL-F21","7"
"445","38770-MGP-T42","7"
"446","38770-MGP-F63","7"
"447","38770-MKF-L13","7"
"448","38770-MKF-D43","7"
"449","38770-MKF-J12","7"
"450","38770-MKF-H11","7"
"451","38770-MKF-TK2","7"
"452","38770-MEL-643","7"
"453","38770-MEL-622","7"
"454","38770-MEL-613","7"
"455","38770-MEL-D21","7"
"456","38770-MEL-F21","7"
"457","38770-MFL-644","7"
"458","38770-MFL-622","7"
"459","38770-MFL-631","7"
"460","38770-MFL-871","7"
"461","38770-NLR-B31","7"
"462","38770-MKF-D72","7"
"463","38770-MKFA-D72","7"
"464","38770-NLS-000","7"
"465","38770-MKR-A31","7"
"466","38770-MKR-D12","7"
"467","38770-KPP-N02","7"
"468","38770-KPP-602","7"
"469","38770-KPP-T03","7"
"470","38770-KYJ-971","7"
"471","38770-KYJ-922","7"
"472","38770-KYJ-R11","7"
"473","38770-K64-N04","7"
"474","38770-K64-N01","7"
"475","38770-K64-R02","7"
"476","38770-MJW-T11","7"
"477","38770-MJW-AQ1","7"
"478","38770-MJW-DR1","7"
"479","38770-MJW-N11","7"
"480","38770-MKPA-B81","7"
"481","38770-MKP-A01","7"
"482","38770-MEE-622","7"
"483","38770-MEE-612","7"
"484","38770-NL3-750","7"
"485","38770-MEE-613","7"
"486","38770-MEE-F02","7"
"487","38770-MEE-D01","7"
"488","38770-MEE-A02","7"
"489","38770-MFJ-F03","7"
"490","38770-MFJ-D04","7"
"491","38770-MFJ-A02","7"
"492","38770-MFJ-D42","7"
"493","38770-MJC-D01","7"
"494","38770-MJC-A01","7"
"495","38770-MEE-R21","7"
"496","38770-N1A-D11","7"
"497","38770-N1A-D00","7"
"498","38770-MJE-A02","7"
"499","38770-MKU-U51","7"
"500","38770-MJE-T15","7"
"501","38770-MJE-T52","7"
"502","38770-MKU-U11","7"
"503","38770-MKN-U11","7"
"504","38770-MKN-D51","7"
"505","38770-MKN-T11","7"
"506","38770-MKY-DF1","7"
"507","38770-MKY-DB1","7"
"508","38770-MKY-D11","7"
"509","38770-MKS -E02","7"
"510","38770-MKS -A02","7"
"511","38770-MKS -E22","7"
"512","38770-MKS -E72","7"
"513","38770-MKS -AV2","7"
"514","38770-MKS -AT2","7"
"515","38770-MKS -E52","7"
"516","38770-MKS -A52","7"
"517","38770-MKV -E02","7"
"518","38770-MKV -D02","7"
"519","38770-GGE-901","7"
"520","38770-GFM-601","7"
"521","38770-GFM-M02","7"
"522","38770-KYT-901","7"
"523","30400-K93-T01","7"
"524","30400-K93-N01","7"
"525","38770-KTW-901","7"
"526","38770-HL6-A05","7"
"527","30400-K46-N31","7"
"528","38770-KWW-601","7"
"529","38770-KYL-T01","7"
"530","38770-MKH-D01","7"
"531","38770-MKH-D22","7"
"532","38770-MKH-D42","7"
"533","38770-MKT -E04","7"
"534","38770-MKT -D04","7"
"535","RBW","7"
"536","6001-19FH-000","7"
"537","61941031000","7"
"538","MG1CA007","1"
"539","ME17.8.74","1"
"540","ME17.9.74","1"
"541","21175-07XX","8"
"542","21175-0077","8"
"543","21175-0187","8"
"544","21175-0064","6"
"545","21175-0079","6"
"546","21175-0158","6"
"547","21175-076X","6"
"548","21175-033X","6"
"549","21175-1118","6"
"550","21175-1647","6"
"551","21175-1065","8"
"552","21175-1077","8"
"553","21175-1087","8"
"554","21175-0028","8"
"555","21175-0199","8"
"556","21175-1314","8"
"557","21175-1096","8"
"558","21175-0109","8"
"559","21175-0220","8"
"560","21175-0354","8"
"561","21175-0811","8"
"562","21175-0001","8"
"563","21175-0046","8"
"564","21175-08XX","8"
"565","21175-1384","8"
"566","21175-1194","8"
"567","21175-1176","8"
"568","21175-1186","8"
"569","21175-0966","6"
"570","21175-1483","6"
"571","21175-1258","6"
"572","21175-1500","6"
"573","21175-0313","8"
"574","21175-0924","8"
"575","21175-1184","8"
"576","21175-1097","8"
"577","21175-0051","8"
"578","21175-0170","8"
"579","21175-0272","8"
"580","21175-1611","8"
"581","21175-001X","8"
"582","21175-0053","8"
"583","21175-0097","8"
"584","21175-1362","8"
"585","21175-1307","8"
"586","21175-1594","8"
"587","21175-1544","8"
"588","21175-1212","8"
"589","21175-1239","8"
"590","21175-1312","8"
"591","N/A","7"
"592","M17.8.7","1"
"593","M17.8.42","1"
"594","IAW 32MIU1","2"
"595","IAW MIU M3G / 32M3G1","2"
"596","IAW 40MIU1","2"
"597","IAW 38RIU 1","2"
"598","ME17.8.7","1"
"599","MT05.02","4"
"600","32920-23H00","8"
"601","33920-18H00","8"
"602","32920-48GXX","8"
"603","33920-24AGx","6"
"604","32920-44Gxx","8"
"605","32910-06L00","6"
"606","32920-31J00","8"
"607","33920-28K51","6"
"608","32920-21Hxx","8"
"609","39920 - 18G00","8"
"610","32920-17Kxx TC","8"
"611","32920-17Kxx","8"
"612","32920-24FG0","8"
"613","33920-96L10","6"
"614","32920-01HXX","8"
"615","32920-37Hxx","8"
"616","32920-15J70","8"
"617","32920-30Gxx","8"
"618","32920-38H00","8"
"619","32920-08J11","8"
"620","B95-8591A-XX","8"
"621","B88-8591A-XX","8"
"622","BK5-8591A-XX","8"
"623","B96-8591A-XX","8"
"624","3P6-8591-XX","6"
"625","8GL-8591A-20","6"
"626","8GL-8591A-00","6"
"627","8GL-8591A-10","6"
"628","2D1-8591A-20","8"
"629","3C3-8591A-80","8"
"630","3C3-8591A-40","8"
"631","3C3-8591A-50","8"
"632","3C3-8591A-60","8"
"633","3C3-8591A-70","8"
"634","2D1-8591A-90","8"
"635","5VX-5891A-10","6"
"636","5VX-5891A-20","6"
"637","39P-8591A-10","8"
"638","39P-8591A-30","8"
"639","39P-8591A-50","8"
"640","5YU-8591A-00","6"
"641","5YU-8591A-10","6"
"642","5YU-8591A-20","6"
"643","1WS-8591A-XX","8"
"644","1XB-8591A-XX","8"
"645","2RC-8591A-XX","8"
"646","BJY-8591A-XX","8"
"647","BJX-8591A-XX","8"
"648","BJW-8591A-XX","8"
"649","BJV-8591A-XX","8"
"650","BHH-8591A-XX","8"
"651","BAT-8591A-XX","8"
"652","1RC-8591A-XX","8"
"653","2DR-8591A-XX","8"
"654","BS2-8591A-XX","8"
"655","BAM-8591A-XX","8"
"656","B7N-8591A-XX","8"
"657","B90-8591A-XX","8"
"658","B67-8591A-XX","8"
"659","BW8-8591A-XX","8"
"660","BD5-8591A-XX","8"
"661","2SL-8591A-00","6"
"662","F8T85884","6"
"663","F8T85886","6"
"664","2MB-8591A-00","6"
"665","BG4-8591A-00","6"
"666","2HC-8591A-00","6"
"667","B5J-8591A-00","6"
"668","B57-8591A-00","6"
"669","B57-8591A-XX","6"
"670","8KC-H591A-00","6"
"671","2PW-8591A-40","8"
"672","BX3-8591A-XX","8"
"673","BV1-8591A-XX","8"
"674","BC3-8591A-XX","8"
"675","5VU-8591A-00","8"
"676","15B-8591A-00","8"
"677","4B5-8591A-00","8"
"678","B7M-8591A-XX","8"
"679","B3T-8591A-XX","8"
"680","BW3-8591A-XX","8"
"681","B5T-8591A-XX","8"
"682","B4T-8591A-XX","8"
"683","B5U-8591A-XX","8"
"684","BAP-8591A-XX","8"
"685","2SC-8591A-XX","8"
"686","B5C-8591A-XX","8"
"687","B1J-8591A-XX","8"
"688","BU2-8591A-XX","8"
"689","B34-8591A-XX","8"
"690","23P-8591A-70-Micro#2","8"
"691","23P-8591A-70-Micro#1","8"
"692","2BS-8591A-XX","8"
"693","BP8-8591A-XX","8"
"694","F8T84475","6"
"695","5PW-8591A-XX","6"
"696","5VY-60","6"
"697","5VY-8591A-B0","6"
"698","4C8-8591A-21-Micro#1","8"
"699","4C8-8591A-21-Micro#2","8"
"700","4C8-8591A-60-Micro#1","8"
"701","14B-8591A-20 Micro#2","8"
"702","14B-8591A-20 Micro#1","8"
"703","2CR-8591A-XX","8"
"704","BX4-8591A-60","8"
"705","B60-8591A-60","8"
"706","B3L-8591A-XX","8"
"707","B02-H591A-10","8"
"708","BR5-H591A-00","8"
"709","5SL-8591A-30","8"
"710","5SL-8591A-60","8"
"711","5SL-8591A-C0","8"
"712","2C0-8591A-21-Micro#1","8"
"713","2C0-8591A-21-Micro#2","8"
"714","13S-8591A-20","8"
"715","13S-8591A-60","8"
"716","13S-8591A-H0","8"
"717","BN6-8591A-XX","8"
"718","N/A","6"
"719","21175-3732","6"
"720","21175-373x","6"
"721","21175-374x","6"
"722","21175-08XX","6"
"723","33940-87L70","6"
"724","MH7202F","9"
"725","33920-93J40","6"
"726","33920-98JF0","6"
"727","33920-89LD0","6"
"728","33920-93J74","6"
"729","33920-94L30","6"
"730","33920-98J80","6"
"731","33920-98L50","6"
"732","33940-88LJ0","6"
"733","33920-87J03","6"
"734","33920-88LC0","6"
"735","33920-87LG0","6"
"736","33920-87LA0","6"
"737","33920-87L50","6"
"738","33920-87L10","6"
"739","33920-87LC0","6"
"740","33920-87L60","6"
"741","33920-87LE0","6"
"742","33920-87L80","6"
"743","33920-87L30","6"
"744","6EV-8591A-XX","6"
"745","F8T63474","6"
"746","6D9-8591A-XX","6"
"747","68V-8591A-XX","6"
"748","6FB-8591A-XX","6"
"749","63P-8591A-XX","6"
"750","6FA-8591A-00","6"
"751","6DA-8591A-XX","6"
"752","6CX-8591A-XX","6"
"753","F8T60xxx","6"
"754","6KA-8591A-XX","6"
"755","6AK-8591A-3X","6"
"756","6C1-8591A-2X","6"
"757","6C1-22","6"
"758","6C5-8591A-4X","6"
"759","6D6-8591A-XX","6"
"760","6D7-8591A-XX","6"
"761","6FP-8591A-XX","6"
"762","6D8-8591A-XX","6"
"763","60E-8591A-11","6"
"764","60E-8591A-20","6"
"765","60E-8591A-30","6"
"766","6B6-8591A-00","6"
"767","6B6-8591A-10","6"
"768","6B6-8591A-20","6"
"769","6CR-8591A-00","6"
"770","6CR-8591A-10","6"
"771","6CR-8591A-24","6"
"772","6S5-8591A-01","6"
"773","6CS-8591A-00","6"
"774","6CS-8591A-20","6"
"775","6CS-8591A-41","6"
"776","6ET-22","6"
"777","6AN-8591A-01","6"
"778","6AN-8591A-20","6"
"779","6EV-8591A-00","6"
"780","6EV-8591A-22","6"
"781","6EN-8591A-00","6"
"782","6FB-8591A-00","6"
"783","6D3-8591A-00","6"
"784","6D3-8591A-21","6"
"785","6D3-8591A-A0","6"
"786","6D3-8591A-C1","6"
"787","6BU-8591A-A0","6"
"788","6EW-8591A-24","6"
"789","6EN-8591A-A0","6"
"790","6CS-8591A-10","6"
"791","6CN-8591A-20","6"
"792","6EW-8591A-02","6"
"793","F8T63475","6"
"794","6CN-8591A-00","6"
"795","6CN-8591A-10","6"
"796","6BU-8591A-00","6"
"797","8GMK","2"
"798","CFC319","2"
"799","8GMW","2"
"800","8GMF","2"
"801","37820-xxx-xxx","7"
"802","37820-Rxx-xxx","7"
"803","37820-Rxx-xxx","5"
"804","37820-5XX-XXX","7"
"805","ZF ES11-10xx","1"
"806","378xx-xxx-xxx","7"
"807","ME7.3.1","1"
"808","ME3.1","1"
"809","ME2.1","1"
"810","MED17.3.1","1"
"811","8TDF","2"
"812","MED17.3.3","1"
"813","ME7.3.2 - ME7.1.1","1"
"814","M10JA","2"
"815","8GF","2"
"816","MJD6F3","2"
"817","MJ8DF","2"
"818","MJ9DF","2"
"819","9GF","2"
"820","IAW 5SF","2"
"821","275036-5280","8"
"822","EEC-VI","10"
"823","EEC-VI M&S","10"
"824","PCM150x","10"
"825","DQ200","11"
"826","Simos PCR 2.1","5"
"827","Simos 10.24","5"
"828","MED17.5.21","1"
"829","DCM6.2V","4"
"830","MED17.5.25","1"
"831","DQ200 MQB","11"
"832","DQ200G2","11"
"833","MG1CS011","1"
"834","DQ250 MQB","11"
"835","MG1CS001","1"
"836","MED9.1.5","1"
"837","MED17.5.5_HW2","1"
"838","IAW 4LV","2"
"839","IAW 4MV","2"
"840","Simos 7.1","5"
"841","ME7.5.5","1"
"842","DQ250Exx/Fxx","11"
"843","DQ250Cxx","11"
"844","PPD1.2","3"
"845","DQ250","11"
"846","Simos 10.12","5"
"847","MD1CP004","1"
"848","MG1CS111","1"
"849","Simos 12.1","5"
"850","DQ381","11"
"851","MED17.1.27","1"
"852","MD1CS004","1"
"853","MED17.1.21","1"
"854","ME7.1.5","1"
"855","EDC15VM+2","1"
"856","VL381","11"
"857","Simos 6.2","5"
"858","Simos 6.3","5"
"859","PPD1.xx","3"
"860","Simos 8.2","5"
"861","DL501","11"
"862","Simos 8.5","5"
"863","Simos 18.1","5"
"864","DL382-7F","11"
"865","MED17.1.10","1"
"866","Simos 18.10","5"
"867","Simos 6.23","5"
"868","Simos 8.4","5"
"869","Simos 8.31","5"
"870","MG1CS002","1"
"871","Simos 8.3","5"
"872","EDC16CP34 M&S","1"
"873","EDC17CP44 M&S","1"
"874","DQ500 MQB","11"
"875","DQ500","11"
"876","Simos 18.2","5"
"877","EDC17CP24 M&S","1"
"878","MED17.1.1 M&S","1"
"879","MG1CS163","1"
"880","MG1CS008","1"
"881","Simos 12.2","5"
"882","MD1CP014","1"
"883","ME17.8.8","1"
"884","ME7.8.8","1"
"885","MT80","4"
"886","8HP50","1"
"887","MG1CS003 (DME_841)","1"
"888","MG1CS003 (DME_861)","1"
"889","8HP45","1"
"890","MSD81.2","5"
"891","MSV80","5"
"892","MEV17.4.6","1"
"893","MSD80","5"
"894","MD1CS001 (DDE803S)","1"
"895","MG1CS201 (DME_83T1)","1"
"896","MG1CS201 (DME_84T1)","1"
"897","MD1CS001 (DDE803P)","1"
"898","MG1CS003 (DME_841H)","1"
"899","MD1CP002 (DDE832C)","1"
"900","MG1CS024 (DME_86T0)","1"
"901","MG1CS003 (DME_86T0)","1"
"902","MG1CS201 (DME_88T0)","1"
"903","BMS46","3"
"904","EDC15M","1"
"905","MS42","3"
"906","MS43","3"
"907","MS45","3"
"908","MSV70","5"
"909","MSD81","5"
"910","ZF 6HP19","1"
"911","8HP70","1"
"912","MG1CS003 (DME_840)","1"
"913","MG1CS003 (DME_840H)","1"
"914","MD1CS001 (DDE802L)","1"
"915","MG1CS201 (DME_84T0)","1"
"916","MG1CS003 (DME_860)","1"
"917","ME7.2","1"
"918","M5.2.1","1"
"919","MSD87","5"
"920","MSD85.4","5"
"921","MEVD17.2.8 M&S","1"
"922","MEVD17.2.H M&S","1"
"923","MG1CS003 (DME_880)","1"
"924","ME9.2.3","1"
"925","EDC16C31 M&S","1"
"926","EDC16CP35 M&S","1"
"927","M5.2","1"
"928","8HP90","1"
"929","MG1CS003 (DME_8C0)","1"
"930","MSS52","3"
"931","MSS54","3"
"932","MSS60 #R","5"
"933","MSS60 #L","5"
"934","MSS65","5"
"935","MSV90","5"
"936","MD1CP032 (DME_DDE8530)","1"
"937","MSD85","5"
"938","MS41","3"
"939","MSS50","3"
"940","MSS70","5"
"941","MH72XX","6"
"942","SIM2k-91","5"
"943","E78","12"
"944","E39A","12"
"945","E83","12"
"946","E82","12"
"947","E37","12"
"948","ME9.1/ME9.5","1"
"949","E92","12"
"950","E38","12"
"951","959","13"
"952","CT1","14"
"953","SIMK31","3"
"954","IAW 4AC","2"
"955","9GC","2"
"956","ME7.6.2","1"
"957","M1.5.5","1"
"958","Multec","12"
"959","DTI17","4"
"960","ME1.5.5","1"
"961","D42","5"
"962","E84","12"
"963","D52","5"
"964","DCM3.7","4"
"965","Multec","15"
"966","E98","12"
"967","SIMTEC 76","3"
"968","E87","12"
"969","DCM3.7AP","4"
"970","SIM2K","5"
"971","E39","12"
"972","4R","3"
"973","E86","12"
"974","6O203D","2"
"975","E6T1xxx","6"
"976","GPEC3","5"
"977","GPEC2","5"
"978","GPEC2A","5"
"979","NGC3","16"
"980","EGS53","3"
"981","SIM90T","3"
"982","MH8XXX","6"
"983","MPS6","17"
"984","MD1CS003","1"
"985","VD56","18"
"986","VD46.1","18"
"987","SID801","5"
"988","E6T47","6"
"989","V46.11","18"
"990","SID805","5"
"991","V56.12","18"
"992","VD46.13","18"
"993","SID802","5"
"994","IAW 48P2","2"
"995","IAW 6LP","2"
"996","N/A","18"
"997","ME7.4.5","1"
"998","SID806","5"
"999","MPC","4"
"1000","SID804","5"
"1001","SID807","5"
"1002","J34P","18"
"1003","S2000","19"
"1004","SID803A","5"
"1005","DCM6.2A","4"
"1006","IAW 6KPB","2"
"1007","SID803","5"
"1008","DCM3.4","4"
"1009","E6T78","6"
"1010","RA6","8"
"1011","IAW 6LPC","2"
"1012","DCM3.5","4"
"1013","DCM7.1A","4"
"1014","SID201","5"
"1015","MG1CS042","1"
"1016","SID208","5"
"1017","DCU102","20"
"1018","DCM6.2C","4"
"1019","V34P","18"
"1020","EDC16C0","1"
"1021","MD1CS006","1"
"1022","EMS3110","5"
"1023","EMS3150","5"
"1024","EMS3120","5"
"1025","V42","18"
"1026","V40","18"
"1027","EMS3125","5"
"1028","EMS3130","5"
"1029","SID310","5"
"1030","DCM1.2","4"
"1031","SID305","5"
"1032","SID306","5"
"1033","V50","18"
"1034","SIRIUS 32","3"
"1035","ZF ES10-1002","1"
"1036","EMS3132","5"
"1037","MT60","4"
"1038","R7F701202","8"
"1039","NGC5","16"
"1040","NGC4","16"
"1041","8HP75","1"
"1042","CM848B","16"
"1043","CM849B","16"
"1044","CM2100A","5"
"1045","CM2200","5"
"1046","CM2350B","5"
"1047","39199-4ADN0","8"
"1048","NGC5 HWII","16"
"1049","IAW 6KPI","2"
"1050","112731-8040","8"
"1051","MED17.6.9","1"
"1052","MED17.3.5 M&S","1"
"1053","8GSF","2"
"1054","8GMB","2"
"1055","MJ8F3","2"
"1056","GPEC4LM","5"
"1057","IAW 10GF","2"
"1058","EDC15C","1"
"1059","ME7.3H4","1"
"1060","IAW 7GF","2"
"1061","IAW 5NF","2"
"1062","MJD6JF","2"
"1063","IAW 4SF","2"
"1064","IAW 59F","2"
"1065","CFC348F","2"
"1066","IAW 5AF","2"
"1067","IAW 4AF","2"
"1068","MJH8DF.I1","2"
"1069","IAW 4GF","2"
"1070","IAW 59FB","2"
"1071","8GSW","2"
"1072","IAW 4DF","2"
"1073","IAW 4CF","2"
"1074","EMS2205","5"
"1075","MG1CS016","1"
"1076","MG1CS017","1"
"1077","MED17.0.7","1"
"1078","EMS2102","5"
"1079","EMS2103","5"
"1080","EEC-V","10"
"1081","SID206","5"
"1082","SIM29","5"
"1083","EMS2204","5"
"1084","EMS2511","5"
"1085","SIM22","5"
"1086","SID807EVO","5"
"1087","DCM6.1","4"
"1088","IAW 4CFR.MR","2"
"1089","EMS2209","5"
"1090","IAW 4CFR.VR","2"
"1091","IAW 4AFR","2"
"1092","EMS2211","5"
"1093","MED17","1"
"1094","MG1CS019","1"
"1095","EMS24xx","5"
"1096","SID209","5"
"1097","MEDG17","1"
"1098","MG1CS015","1"
"1099","MG1CS018","1"
"1100","MEDG9.8","1"
"1101","5WY8","5"
"1102","SID902","5"
"1103","MD1CP006","1"
"1104","SIM21","3"
"1105","SIM19","3"
"1106","SIM22","3"
"1107","SID804","3"
"1108","SIM29","3"
"1109","EEC-V","20"
"1110","MPC555","4"
"1111","SIM28","3"
"1112","SID202","3"
"1113","SID206","3"
"1114","EMS","5"
"1115","SID202","5"
"1116","SIM19","5"
"1117","SIM210","5"
"1118","JDS0","5"
"1119","M17.0.1","1"
"1120","IAW 5SF8.K2","2"
"1121","IAW 9GF","2"
"1122","SIM24","5"
"1123","EMS2302","5"
"1124","EMS2513","5"
"1125","EMS2512","5"
"1126","EMS2101","5"
"1127","EMS2207","5"
"1128","E6T0xx","6"
"1129","SID901","5"
"1130","SID204","5"
"1131","SID211","5"
"1132","J1850","4"
"1133","SIM2K-260","5"
"1134","MD1CS012","1"
"1135","DCM6.2AP","4"
"1136","N/A","4"
"1137","ME9.1","1"
"1138","37820-RAH-xxx","7"
"1139","37820-5A2-xxx","7"
"1140","37820-R1A-xxx","7"
"1141","37820-Pxx-xxx","7"
"1142","37805-Pxx-xxx","7"
"1143","37805-Rxx-xxx","7"
"1144","37805-xxx-xxx","7"
"1145","MG7.9.8","1"
"1146","CPGDSH1.26.1","21"
"1147","MEG17.9.21","1"
"1148","MEG17.9.13","1"
"1149","CPEGD2.20.4","21"
"1150","SIMK-43 #L","3"
"1151","SIMK-43 #R","3"
"1152","SIM2K-241","5"
"1153","MEG17.9.2","1"
"1154","SIM2K-341","5"
"1155","SIM2K-251","5"
"1156","MG7.9.7","1"
"1157","SIM2K-305","5"
"1158","CPEGP2.10.1","21"
"1159","SIM2K-141","5"
"1160","MT86","4"
"1161","TC80","21"
"1162","KME1.9.3","21"
"1163","DCU17PC42","1"
"1164","CPEGD 2.20.2","21"
"1165","CPEGD 2.20.1","21"
"1166","SIMK-43","3"
"1167","SIM2K-47 #L","3"
"1168","SIM2K-47 #R","3"
"1169","SIM2K-250","5"
"1170","CPEGD2.20.3","21"
"1171","SIMK-41","3"
"1172","E2T7xxx","6"
"1173","SIM2K-242","5"
"1174","SIM2K-240","5"
"1175","DDCR","4"
"1176","IAW 4CH","2"
"1177","MEDG17.9.8","1"
"1178","MEC100-xxx (CAN)","22"
"1179","MEC107 (CAN)","22"
"1180","MEC73 (CAN)","22"
"1181","MEC108 (CAN)","22"
"1182","DEA030-2xx (CAN)","22"
"1183","VGS2-FDCT","5"
"1184","3.N5","4"
"1185","NEC015","22"
"1186","CRD3","4"
"1187","NEC029","22"
"1188","NEC030","22"
"1189","94661024","8"
"1190","4Jxx","23"
"1191","MPC56x","4"
"1192","L4K3","23"
"1193","N/A","23"
"1194","275700-1534","8"
"1195","M5/M5S","23"
"1196","275722-1530","8"
"1197","MED17.9.9","1"
"1198","MEDC17.9","1"
"1199","MG1CS028","1"
"1200","MB079700","8"
"1201","MB279700","8"
"1202","P5.0SC","8"
"1203","GPEC4","5"
"1204","DCM3.5 - CRD2","4"
"1205","8GML","2"
"1206","DCM","4"
"1207","EH8","21"
"1208","DCM3.2","4"
"1209","KTS3","21"
"1210","TC60","21"
"1211","ME17.9","1"
"1212","SIM2K","3"
"1213","EDC17CP62","1"
"1214","CPGPSH2.14.1","21"
"1215","MEG17.9.12","1"
"1216","39106-3945x","21"
"1217","LIE","24"
"1218","05S","24"
"1219","CFC311","2"
"1220","MEMS3","25"
"1221","MB279700-94xx","8"
"1222","SID203","5"
"1223","89661-04xxx (CAN)","8"
"1224","275036-1470 (CAN)","8"
"1225","275036-2440 (CAN)","8"
"1226","275036-8730 (CAN)","8"
"1227","275036-3410","8"
"1228","175822-773 (CAN)","8"
"1229","275036-3410 (CAN)","8"
"1230","275036-7461 (CAN_1)","8"
"1231","275036-8730","8"
"1232","275036-5920 (CAN)","8"
"1233","89661-78100","8"
"1234","275063-0360","8"
"1235","275036-6110","8"
"1236","T4E","14"
"1237","T6E","14"
"1238","K4","14"
"1239","T4","14"
"1240","MG1CS080","1"
"1241","DCM2.7AP","4"
"1242","MD1CS018","1"
"1243","SIM210","3"
"1244","ZJ77","8"
"1245","ZYE9","8"
"1246","P5","8"
"1247","S5xx","8"
"1248","Z601","8"
"1249","E6T58xxx","6"
"1250","E6T58x","6"
"1251","E6T5x","6"
"1252","RF7X","8"
"1253","R2AB","8"
"1254","SH12","8"
"1255","E6T6x","6"
"1256","D08","8"
"1257","S80","8"
"1258","RF8K","8"
"1259","RF8X","8"
"1260","RF8G","8"
"1261","SH1","8"
"1262","SH1R","8"
"1263","L3Bx","6"
"1264","SH9V","8"
"1265","SH0","8"
"1266","EDC16C7-7","1"
"1267","PYFB","8"
"1268","R2AX","8"
"1269","DCU17PC","1"
"1270","LFGS","8"
"1271","27522","8"
"1272","FPV1EA","6"
"1273","N3J1","8"
"1274","L3T4","8"
"1275","MD1CP001","1"
"1276","SIM266","3"
"1277","SID307","5"
"1278","CRD3E.1","4"
"1279","MG1CP002","1"
"1280","SIM271DE20","5"
"1281","SIM271KE20","5"
"1282","SIM4LKE","3"
"1283","MED9.7","1"
"1284","EGS52","3"
"1285","DCM3.2 - CRD.11","4"
"1286","CRD2","4"
"1287","CRD3S2","4"
"1288","CRD3P.D1","4"
"1289","ME2.0","1"
"1290","ME2.7.1","1"
"1291","CRD3.F1","4"
"1292","SIM4LE","3"
"1293","CRD3.7","4"
"1294","SIM4LSE","3"
"1295","EDC17C01","1"
"1296","CRD3P.B0","4"
"1297","CRD3P.C0","4"
"1298","CRD3P.G0","4"
"1299","EMS 2000","3"
"1300","E6T0x","6"
"1301","E6T348xx","6"
"1302","E2T7318x","6"
"1303","E6T72xxx","6"
"1304","E6T73xxx","6"
"1305","E6T42/E6T73","6"
"1306","EDC16C33","1"
"1307","E6T424xx H3ZE","6"
"1308","E6T47xxx","6"
"1309","MEC100-xxx","22"
"1310","E6T44xxx","6"
"1311","E6T41xxx","6"
"1312","IAW 4GM","2"
"1313","RHF4","8"
"1314","IAW 4GT","2"
"1315","275722-4810","8"
"1316","E6T74xxx","6"
"1317","E6T424xx","6"
"1318","E6T78879 H","6"
"1319","E6T43xxx","6"
"1320","E6T310x","6"
"1321","E6T469xx","6"
"1322","G1Tx","6"
"1323","E6T38xxx","6"
"1324","E6T97XX","6"
"1325","IAW 4AM","2"
"1326","IAW 4DM","2"
"1327","E2T71xxx","6"
"1328","E6T76xxx","6"
"1329","E6T36xxx","6"
"1330","E2T79xxx","6"
"1331","E6T32xxx","6"
"1332","E6T49xxx","6"
"1333","E6T83276","6"
"1334","IAW 4CM","2"
"1335","E6T85774","6"
"1336","HW 1 (K-LINE)","22"
"1337","HW 4 (K-LINE)","22"
"1338","MEC20 (K-LINE)","22"
"1339","MEC30-07x (K-LINE)","22"
"1340","E1x","8"
"1341","D3","8"
"1342","A56-XXX","22"
"1343","MEC370-900 (K-LINE)","22"
"1344","MEC37-580","22"
"1345","112731-9140","8"
"1346","MEC38-490 (K-LINE)","22"
"1347","NEC032","22"
"1348","HW 3 (CAN)","22"
"1349","HPGNV (CAN)","22"
"1350","MEC940-xxx (CAN)","22"
"1351","EMS3155","5"
"1352","SID301","5"
"1353","BED301-xxx (CAN)","22"
"1354","BED431-xxx","22"
"1355","A56-E45","22"
"1356","23710-5Y222 (K-LINE)","22"
"1357","MEC37-xxx","22"
"1358","MEC32-100","22"
"1359","MEC100","22"
"1360","HP","8"
"1361","H1","8"
"1362","23710","8"
"1363","SID309","5"
"1364","SID304","5"
"1365","ME38-310","22"
"1366","DCU17CP34","1"
"1367","MEC78-xxx (CAN)","22"
"1368","MEC35-xxx (K-LINE)","22"
"1369","MEC23-xxx (K-LINE)","22"
"1370","SID303","5"
"1371","BED410","22"
"1372","A56-B76 (K-LINE)","22"
"1373","MEC951","22"
"1374","MEC90-xxx (CAN)","22"
"1375","A56-C1x (CAN)","22"
"1376","NEC033","22"
"1377","A56-R18 (K-LINE)","22"
"1378","E80","12"
"1379","MJD603.SA","2"
"1380","E6T900 M0","6"
"1381","ME7.6.1","1"
"1382","DECE01","8"
"1383","Multec S (F)","15"
"1384","SIMTEC 70","3"
"1385","MJD602.A6","2"
"1386","MT35E","15"
"1387","SIMTEC 75.1","3"
"1388","SIMTEC 71","3"
"1389","SIMTEC 71.5","3"
"1390","GMPT E-15","15"
"1391","MJD8F3","2"
"1392","MJD6O2.03D","2"
"1393","MJD603.S3","2"
"1394","DEC30","8"
"1395","MJD602.M1","2"
"1396","ME7.6.3","1"
"1397","MG1CS032","1"
"1398","ME9.6","1"
"1399","8","26"
"1400","SIMTEC 81.1","3"
"1401","D0600","8"
"1402","GMPT E-16","15"
"1403","D0100","8"
"1404","MT35E","12"
"1405","DECE02","8"
"1406","IAW 6LPA","2"
"1407","V34","18"
"1408","SID801","3"
"1409","SDI21.1","5"
"1410","MG1CP007","1"
"1411","SDI3","5"
"1412","SDI9","5"
"1413","SDI21.2","5"
"1414","M5.2.2","1"
"1415","MED17.1.11","1"
"1416","SDI21.3","5"
"1417","SDI4","5"
"1418","SDI8","5"
"1419","SDI10.1","5"
"1420","SDI10.2","5"
"1421","SDI7","5"
"1422","SDI6","5"
"1423","PW5xx","3"
"1424","PW8xx","3"
"1425","Getrag DC4","5"
"1426","SIM32","3"
"1427","IAW 5NR","2"
"1428","SIRIUS32","3"
"1429","SIRIUS34","3"
"1430","V50.1","5"
"1431","S3000","19"
"1432","MEC92","22"
"1433","BED434","22"
"1434","BED501","22"
"1435","DH5","8"
"1436","6DE1","8"
"1437","BED43C","22"
"1438","EMS3134","5"
"1439","MEC121-XXX","22"
"1440","S2000RPM","19"
"1441","MEC800","22"
"1442","EWR20-0XX","22"
"1443","MG1CS024 (DME_8CT0)","1"
"1444","7","26"
"1445","8 HFQ","26"
"1446","8 LFQ","26"
"1447","MD1CS089","1"
"1448","IAW 4HV","2"
"1449","Simos 10.22","5"
"1450","7GVE","2"
"1451","EDC15VM","1"
"1452","Simos 3","5"
"1453","Simos 9.1","5"
"1454","Simos 11.1","5"
"1455","Simos 10.14","5"
"1456","IAW 4AV","2"
"1457","ZF ASG SQ100","1"
"1458","Simos 15.25","5"
"1459","E6T424","6"
"1460","MH8304F","6"
"1461","G2T601x","6"
"1462","SH7058 CJ","8"
"1463","112431-4840","8"
"1464","SH7058 DM","8"
"1465","SH7059 DT","8"
"1466","SH72543","8"
"1467","SH7058 KS","8"
"1468","SH7058 GW","8"
"1469","SH7055 112300-0430","8"
"1470","68HC16","8"
"1471","SH7055 112200-8481","8"
"1472","SH7059","22"
"1473","DEF003","22"
"1474","DEF006","22"
"1475","112731-5040","8"
"1476","062J0","8"
"1477","MJD602.04","2"
"1478","SH7058 112231-6810","8"
"1479","EDC17CP17","1"
"1480","275036-1152","8"
"1481","GW","8"
"1482","SH7058","8"
"1483","E6T90975H","6"
"1484","E6T91695H","6"
"1485","E6T91571H","6"
"1486","N/A","8"
"1487","33920-65D6","6"
"1488","078K0","8"
"1489","K1","8"
"1490","E6T172","6"
"1491","076Jx","8"
"1492","E6T91977HP","6"
"1493","057L1","8"
"1494","MG1CS026","1"
"1495","MED17.8.X","1"
"1496","ME17.8.XX","1"
"1497","MJD6O2.04","2"
"1498","MJD8DS.P1","2"
"1499","33920-62J0","8"
"1500","33920-xxxx","8"
"1501","DCM3.1","4"
"1502","275036-4820","8"
"1503","275036-4520","8"
"1504","275036-2110","8"
"1505","175822-762 (CAN)","8"
"1506","175822-773","8"
"1507","275036-3740","8"
"1508","(CAN)","8"
"1509","275036-5650 (CAN)","8"
"1510","175822-762 (K-Line)","8"
"1511","275922-022 (CAN)","8"
"1512","(K-Line)","8"
"1513","275036-5280 (CAN)","8"
"1514","275036-6941  HW2 (K-Line)","8"
"1515","275036-9160","8"
"1516","175822-887","8"
"1517","275036-1152 (CAN)","8"
"1518","211941-48900930","8"
"1519","175822-762","8"
"1520","275036-7341","8"
"1521","21175-2540","8"
"1522","275036-9050","8"
"1523","89666-0Kxxx (CAN)","8"
"1524","175822-666 r","8"
"1525","275036-9170","8"
"1526","275036-8140","8"
"1527","275136-1910","8"
"1528","275036-1910","8"
"1529","275036-5810","8"
"1530","275036-0360","8"
"1531","175822-666 (K-Line)","8"
"1532","275922-532","8"
"1533","175822-887 (K-Line)","8"
"1534","175822-887 (CAN)","8"
"1535","275036-7581","8"
"1536","211941-37910830 (CAN)","8"
"1537","275136-2010 (CAN)","8"
"1538","275922-001","8"
"1539","275922-001 (CAN)","8"
"1540","275922-428","8"
"1541","275922-092 (CAN)","8"
"1542","275036-3160 (CAN)","8"
"1543","275036-5920","8"
"1544","275036-5130 (CAN)","8"
"1545","175822-666","8"
"1546","275036-7400 (CAN)","8"
"1547","275036-7780 (CAN)","8"
"1548","275922-856","8"
"1549","275922-022","8"
"1550","275922-500","8"
"1551","275036-6941","8"
"1552","175822-737 (CAN)","8"
"1553","275036-0360 (CAN)","8"
"1554","275036-3560","8"
"1555","211941-45900930","8"
"1556","275036-1150","8"
"1557","MG1CS088","1"
"1558","Simos 10.13A","5"
"1559","ME7.1.1 CAN","1"
"1560","Simos 10.13","5"
"1561","9GV","2"
"1562","IAW 4BV","2"
"1563","IAW 4GV","2"
"1564","IAW 4AVP","2"
"1565","IAW 4SV","2"
"1566","Simos 10.11","5"
"1567","Simos 10.10","5"
"1568","IAW 4CW","2"
"1569","EDC16U1 M&S","1"
"1570","IAW 4TV","2"
"1571","Simos 10.20","5"
"1572","7GV","2"
"1573","EDC16U2.1 M&S","1"
"1574","EDC16U31 M&S","1"
"1575","ME7.0.1","1"
"1576","LA.2","8"
"1577","079700-9133","8"
"1578","MB279700-96xx","27"
"1579","HP.2","8"
"1580","MB279700-9500","8"
"1581","MB279700-91xx","8"
"1582","EMS2","3"
"1583","MB279700-95xx","8"
"1584","CM554","16"
"1585","112500-1240","8"
"1586","112500-1131","8"
"1587","CM850","16"
"1588","MD1CE101","1"
"1589","L4.3","23"
"1590","4HK1","23"
"1591","EDC7C1/C2","1"
"1592","MD1CS069","1"
"1593","1851862-30","28"
"1594","CM570","16"
"1595","275700-4890","8"
"1596","A5E2V2I1","29"
"1597","L12","30"
"1598","L4","30"
"1599","L16","30"
"1600","L14/L15","30"
"1601","L21-L22-L23","30"
"1602","L14","30"
"1603","N/A","11"
"1604","MCM2.1","5"
"1605","Adem IV","29"
"1606","EMR2","31"
"1607","EDC17CV41 �","1"
"1608","SCR 9-34","32"
"1609","Gearbox","33"
"1610","N/A","31"
"1611","OM904LA.V/3-02","11"
"1612","SH7059","23"
"1613","CM2250","5"
"1614","DCU17CV51","1"
"1615","DCM3.3","4"
"1616","DCM2.7","4"
"1617","CM2350A","5"
"1618","L6","30"
"1619","L9-L11","30"
"1620","L15","30"
"1621","L33","30"
"1622","L3","30"
"1623","L11","30"
"1624","UIC2","3"
"1625","L21","30"
"1626","275700-1201","8"
"1627","275700-3411","8"
"1628","1JXXX-59052","8"
"1629","1J520-59051","8"
"1630","276022-0030","8"
"1631","275800-7221","8"
"1632","1JXXX-59053","8"
"1633","275822-9730","8"
"1634","Perkins","16"
"1635","MB275700-2753","8"
"1636","MD1CC878","1"
"1637","SCR 36-20","32"
"1638","EDC7C2","1"
"1639","CM2250","16"
"1640","211841-3581A830","34"
"1641","EEM2","35"
"1642","EMS2.4","36"
"1643","CM2220A","5"
"1644","CM2220","5"
"1645","CM2150E","5"
"1646","ACM2.1","5"
"1647","CM2150E","16"
"1648","ECSDC3/EDC7","1"
"1649","DMCI","4"
"1650","DCU15","1"
"1651","ETC3","4"
"1652","CM2220C","5"
"1653","DCU17","1"
"1654","89661-E0130","8"
"1655","EDC7U31","1"
"1656","275922-320 (CAN)","8"
"1657","DCU17HD01","1"
"1658","112500-1017","8"
"1659","895xx","8"
"1660","896xx","8"
"1661","39100-48010","8"
"1662","DCMI","4"
"1663","275700-4873","8"
"1664","112500-0276","8"
"1665","3896-002","37"
"1666","6HK1","23"
"1667","MD1CE108","1"
"1668","275700-7082","8"
"1669","275800-2314","8"
"1670","4JJ1","23"
"1671","IAW 5SF.L0","2"
"1672","EDC7UC31-12.10","1"
"1673","CM871","16"
"1674","ACM","5"
"1675","EMS2","36"
"1676","CM554","38"
"1677","MD1CE100","1"
"1678","Euro5","11"
"1679","ACM2.1","11"
"1680","DDE6","11"
"1681","275800-7330","8"
"1682","112500-0370","8"
"1683","275800-4742","8"
"1684","CM2150D","16"
"1685","Adem III","29"
"1686","CM2350","5"
"1687","CM875","16"
"1688","CM876","16"
"1689","MX-11","4"
"1690","Adem IV+","29"
"1691","CM870","16"
"1692","MX-13","4"
"1693","CM570","38"
"1694","EMS2.3","36"
"1695","EMS2.2 Gen2","36"
"1696","EMS2 E5","36"
"1697","EMS S6","16"
"1698","EMS S7","16"
"1699","EMS S8","5"
"1700","175800-9850","8"
"1701","B/C/D","39"
"1702","EMS2 DXI","36"
"1703","VCU3000","40"